email,action,dt
oourve@auqi.com,CREATE,2024-09-13
bsvnarf@pye.com,READ,2024-09-13
jltsd@otrfr.com,READ,2024-09-13
zbcqmuozkm@sfzno.com,READ,2024-09-13
upjahebyfm@tjak.com,DELETE,2024-09-13
zpadfax@kkkbgtu.com,DELETE,2024-09-13
ajmvk@xwsxfr.com,DELETE,2024-09-13
vkwrniqa@gaap.com,DELETE,2024-09-13
aysjcxnp@lxwk.com,READ,2024-09-13
fixqjzqwxn@lystpu.com,UPDATE,2024-09-13
hobbok@odmt.com,READ,2024-09-13
cbxwvym@uubbfh.com,READ,2024-09-13
vpgihjeht@wwrr.com,DELETE,2024-09-13
fvyik@bkkfhr.com,READ,2024-09-13
xzqggccl@pto.com,CREATE,2024-09-13
jxornw@yacjwo.com,DELETE,2024-09-13
qsdfcr@yqnxr.com,CREATE,2024-09-13
hiykbjn@tignd.com,UPDATE,2024-09-13
wdlbdyj@kzxa.com,UPDATE,2024-09-13
ooobryy@kiyboyn.com,UPDATE,2024-09-13
pshspvxp@acqgaf.com,UPDATE,2024-09-13
xpwhetltqb@rzxxg.com,READ,2024-09-13
qqtmbccw@ebsglnd.com,READ,2024-09-13
hyvogpulh@mpdcw.com,CREATE,2024-09-13
ycromme@zku.com,DELETE,2024-09-13
ppspci@zhktjqh.com,DELETE,2024-09-13
zyphrndur@dkty.com,UPDATE,2024-09-13
abwucvpfbp@tls.com,DELETE,2024-09-13
vgcldtunv@oqwiufp.com,UPDATE,2024-09-13
rnkpuqngf@dyrvhg.com,UPDATE,2024-09-13
noshkw@sijo.com,UPDATE,2024-09-13
fjwipnb@ogtgd.com,UPDATE,2024-09-13
gkwdjqcrbs@ndnuj.com,CREATE,2024-09-13
jxkghfy@vwlmwn.com,UPDATE,2024-09-13
mkzob@ewlt.com,DELETE,2024-09-13
vqtdf@xugklg.com,UPDATE,2024-09-13
yvlktfuhx@kcqyeh.com,DELETE,2024-09-13
uwakkybaa@nwdwmyd.com,CREATE,2024-09-13
twociglck@kljfv.com,READ,2024-09-13
dfohkilfs@ghpu.com,UPDATE,2024-09-13
yhzpeuin@mvxfif.com,CREATE,2024-09-13
zyochig@vpniuta.com,DELETE,2024-09-13
sffoqlm@yzu.com,READ,2024-09-13
tewgbuvbcs@mbdskd.com,UPDATE,2024-09-13
bhzeuzxt@glgkd.com,READ,2024-09-13
pdywpu@meznol.com,READ,2024-09-13
bpucbp@kcjehz.com,READ,2024-09-13
ibhrcdtin@pdu.com,DELETE,2024-09-13
wfnws@nrlihy.com,DELETE,2024-09-13
fiikmm@xhqx.com,DELETE,2024-09-13
eoxciqskb@pjahio.com,READ,2024-09-13
odukydsve@iklb.com,DELETE,2024-09-13
ahrbr@zoqk.com,UPDATE,2024-09-13
tdgspqxh@lrnrwmv.com,UPDATE,2024-09-13
cmdesqmxqk@hyagkxv.com,UPDATE,2024-09-13
uggfupugl@mwwfbj.com,CREATE,2024-09-13
jjqiixr@umc.com,DELETE,2024-09-13
rpaweg@zzao.com,READ,2024-09-13
soikg@mfbppad.com,READ,2024-09-13
lcvyvhs@nrva.com,UPDATE,2024-09-13
hssmdb@jacaxk.com,DELETE,2024-09-13
mdldgyq@jeocl.com,CREATE,2024-09-13
dvizrgs@irv.com,UPDATE,2024-09-13
kecpxg@sxynz.com,UPDATE,2024-09-13
gdnlrosj@mwvyxkx.com,CREATE,2024-09-13
pmfpnz@rsckjz.com,CREATE,2024-09-13
yifjsez@ogy.com,CREATE,2024-09-13
frnfjhz@ivspuw.com,DELETE,2024-09-13
lmbsm@ask.com,CREATE,2024-09-13
mbqmunel@ume.com,READ,2024-09-13
otblkdfxnw@iojp.com,UPDATE,2024-09-13
favfxxmnt@ezk.com,DELETE,2024-09-13
kjpfau@fvde.com,CREATE,2024-09-13
shbahecn@uhh.com,UPDATE,2024-09-13
ukysh@brlwg.com,UPDATE,2024-09-13
wseyvlx@dgbii.com,CREATE,2024-09-13
onvmdt@xrnrzq.com,DELETE,2024-09-13
ginjjuoa@gtwpos.com,READ,2024-09-13
vjeogfgou@htq.com,READ,2024-09-13
qolbm@zjdzyc.com,CREATE,2024-09-13
wztwwelr@fmu.com,CREATE,2024-09-13
lwuxajp@ygou.com,CREATE,2024-09-13
olfuzxoidj@askvsa.com,CREATE,2024-09-13
jmvuee@kjjz.com,DELETE,2024-09-13
mygcxd@ocyplfv.com,DELETE,2024-09-13
tjbcitgzu@ptsl.com,CREATE,2024-09-13
bpapbcxzfa@uvah.com,DELETE,2024-09-13
mxnbk@floxl.com,CREATE,2024-09-13
rzukya@msjv.com,CREATE,2024-09-13
khnbjc@gpbua.com,UPDATE,2024-09-13
lgktdms@piehrh.com,READ,2024-09-13
dsmbqojgew@cgryi.com,UPDATE,2024-09-13
zmknrrdk@znn.com,UPDATE,2024-09-13
etpuybxvrv@ydi.com,UPDATE,2024-09-13
hfvfyrkmkd@hoyjaxz.com,UPDATE,2024-09-13
lfukppmv@hecb.com,DELETE,2024-09-13
nqabgdqg@fvx.com,DELETE,2024-09-13
fvwfp@zazxa.com,DELETE,2024-09-13
btpudgt@jhcdud.com,DELETE,2024-09-13
narrn@gvakb.com,CREATE,2024-09-13
tixmebcqm@eyuww.com,DELETE,2024-09-13
myrzabam@jwgagj.com,DELETE,2024-09-13
mtrggpv@swmobfn.com,UPDATE,2024-09-13
ohmlci@tblrn.com,CREATE,2024-09-13
upueqlwqy@tbw.com,UPDATE,2024-09-13
iucbyvwgab@nxc.com,UPDATE,2024-09-13
wtvut@yimkkn.com,UPDATE,2024-09-13
pchuzibquk@pmwhq.com,UPDATE,2024-09-13
ezikxrj@hqqfn.com,CREATE,2024-09-13
nxaccnbudt@qjtl.com,CREATE,2024-09-13
tdlqnbxwnn@sljpgc.com,UPDATE,2024-09-13
obbov@lsszyjq.com,CREATE,2024-09-13
bagruleglu@vnmx.com,CREATE,2024-09-13
ifmrwdggt@mzk.com,CREATE,2024-09-13
uijta@ehwhjv.com,READ,2024-09-13
rinoocgy@rlunddc.com,CREATE,2024-09-13
ojqgkny@uawmjy.com,DELETE,2024-09-13
yzwxffbww@xkaurf.com,DELETE,2024-09-13
bbaolweka@cert.com,UPDATE,2024-09-13
bqoftulyc@mhre.com,UPDATE,2024-09-13
wthpdab@tvodfwb.com,READ,2024-09-13
ppxpzwzbj@jyo.com,CREATE,2024-09-13
zrelsj@kak.com,READ,2024-09-13
jovdaly@lkaljx.com,DELETE,2024-09-13
sqmkaopuqr@sctgsah.com,DELETE,2024-09-13
bmzcayqs@vumft.com,CREATE,2024-09-13
xnryupmz@hcucp.com,READ,2024-09-13
pydodjvxus@yotz.com,DELETE,2024-09-13
eumqyviu@npc.com,UPDATE,2024-09-13
uljfqauwg@zistzeo.com,UPDATE,2024-09-13
xqzwb@wmnemfe.com,UPDATE,2024-09-13
clhmhfv@tug.com,READ,2024-09-13
lzjfzfvfg@uguma.com,UPDATE,2024-09-13
qycjqmrvxv@awlu.com,READ,2024-09-13
paiqdsf@yitbmy.com,UPDATE,2024-09-13
siaizpry@kimzevd.com,READ,2024-09-13
xclaqxcfc@jgvio.com,DELETE,2024-09-13
ktzzfjjw@eghxmt.com,DELETE,2024-09-13
ikhvvyrlw@gjfh.com,UPDATE,2024-09-13
resxfmbfj@wgxn.com,READ,2024-09-13
rayawws@gcb.com,UPDATE,2024-09-13
hygyfgmtwg@lvszrb.com,DELETE,2024-09-13
bwkcifw@ohjfnx.com,DELETE,2024-09-13
fjwfvpnz@fjgv.com,DELETE,2024-09-13
dpmszydojp@cshu.com,UPDATE,2024-09-13
avitelac@vepr.com,UPDATE,2024-09-13
tfttmoyhwa@kjzxigf.com,DELETE,2024-09-13
zupfqtlc@ffovi.com,READ,2024-09-13
cmyymjl@rcm.com,CREATE,2024-09-13
dhojvn@vkqoehq.com,DELETE,2024-09-13
lpovff@fxj.com,UPDATE,2024-09-13
dpavcmnbzu@rlhxz.com,CREATE,2024-09-13
kybeqs@hvbdflt.com,UPDATE,2024-09-13
mrgni@yrwkp.com,UPDATE,2024-09-13
guoxopo@ddo.com,DELETE,2024-09-13
nsphwtwd@mch.com,CREATE,2024-09-13
dubtmvw@zdlthc.com,CREATE,2024-09-13
udcfrioyr@yovlneo.com,DELETE,2024-09-13
fvnxjhgoz@ojhi.com,CREATE,2024-09-13
bmtibcdmp@pmi.com,READ,2024-09-13
etaoltb@yhydemb.com,CREATE,2024-09-13
iolsvntcxn@pirpkyd.com,UPDATE,2024-09-13
okwbsxs@xicv.com,READ,2024-09-13
kcmzf@isw.com,CREATE,2024-09-13
sgdztn@wny.com,READ,2024-09-13
ruzrpw@ahbtnpq.com,DELETE,2024-09-13
zkozffp@gccys.com,UPDATE,2024-09-13
gicdee@gogskeg.com,CREATE,2024-09-13
gxwyi@gtcdpo.com,DELETE,2024-09-13
ylssjpwegk@urmpi.com,READ,2024-09-13
osydmthj@frcp.com,READ,2024-09-13
orucuaf@zsgm.com,READ,2024-09-13
czxij@klvnax.com,DELETE,2024-09-13
izxuzwbwk@acxxpdv.com,CREATE,2024-09-13
qugfuhrpe@ankfx.com,CREATE,2024-09-13
dhnrjrzqh@uyos.com,READ,2024-09-13
zwujbkcq@oexd.com,DELETE,2024-09-13
sprdbnshq@rlurroj.com,CREATE,2024-09-13
vmozadvi@flbwt.com,UPDATE,2024-09-13
fetcmap@niqlehn.com,CREATE,2024-09-13
iizhh@diiqoo.com,CREATE,2024-09-13
lxhdr@ddjpl.com,UPDATE,2024-09-13
rpvbzpd@aczal.com,CREATE,2024-09-13
vbhegpq@rjwkqkj.com,READ,2024-09-13
hkqeh@zkb.com,UPDATE,2024-09-13
kxldfqm@lhfafdc.com,DELETE,2024-09-13
eyqszpoj@achyi.com,UPDATE,2024-09-13
jxhywhjkz@vst.com,DELETE,2024-09-13
galicwtxp@pnzgso.com,CREATE,2024-09-13
npjkymit@ptemaa.com,DELETE,2024-09-13
bpogrprqh@duqgh.com,UPDATE,2024-09-13
zmomadgla@gkvozr.com,DELETE,2024-09-13
crdmpk@jrzt.com,UPDATE,2024-09-13
yowgtoza@niq.com,READ,2024-09-13
tddjgtdyt@imfqp.com,UPDATE,2024-09-13
blhgmn@ewu.com,READ,2024-09-13
hrtqdsphd@lyrs.com,READ,2024-09-13
ovyjcpjwq@zywe.com,UPDATE,2024-09-13
wjfclfgxwa@wzimto.com,READ,2024-09-13
orjsiawo@ccjd.com,UPDATE,2024-09-13
gxxmlk@xqmzuss.com,CREATE,2024-09-13
htefdywr@xvril.com,CREATE,2024-09-13
lqegccwfv@utpbsg.com,CREATE,2024-09-13
vkbngwsti@sles.com,DELETE,2024-09-13
aripqzpaj@mvdii.com,CREATE,2024-09-13
orqndtbebp@yxsms.com,DELETE,2024-09-13
aihfzbvy@knfonfb.com,UPDATE,2024-09-13
emifaxvqkh@wwy.com,CREATE,2024-09-13
gguzyz@hhdwtj.com,DELETE,2024-09-13
hvfyf@acxymkn.com,CREATE,2024-09-13
aekbigazl@cmuub.com,DELETE,2024-09-13
dtsntdaqsi@bkzmoiq.com,CREATE,2024-09-13
omfqpxmrk@xsp.com,CREATE,2024-09-13
nzsgi@kkx.com,READ,2024-09-13
dhquw@jmkp.com,DELETE,2024-09-13
azodfhds@lrmv.com,DELETE,2024-09-13
kckxqrtpda@jmfte.com,CREATE,2024-09-13
xvsppubi@swebmwa.com,CREATE,2024-09-13
ipfso@ynnjg.com,CREATE,2024-09-13
lhydwhwr@svu.com,DELETE,2024-09-13
iuskb@qabkozb.com,UPDATE,2024-09-13
vbmsu@kyiz.com,DELETE,2024-09-13
gnlhm@oegwwvf.com,CREATE,2024-09-13
orbzowfi@tqq.com,CREATE,2024-09-13
lpgcgg@cmkxesk.com,READ,2024-09-13
qhxcybyca@hwn.com,CREATE,2024-09-13
dnuauw@zqebxb.com,DELETE,2024-09-13
vlisnjy@oav.com,DELETE,2024-09-13
dwvpugrzyz@pfelw.com,UPDATE,2024-09-13
asffgn@pcbtrfs.com,READ,2024-09-13
wjudh@kazlf.com,DELETE,2024-09-13
tbwzytdl@neb.com,DELETE,2024-09-13
oxbrlx@bonuod.com,CREATE,2024-09-13
ifzqxamtgi@odlp.com,DELETE,2024-09-13
ehyvt@svwszb.com,CREATE,2024-09-13
jhflb@xff.com,DELETE,2024-09-13
eudazsqj@nlseb.com,READ,2024-09-13
qrplnfrdn@oygqfb.com,READ,2024-09-13
kpzczx@vmrpxr.com,UPDATE,2024-09-13
rdnrsewlr@alsg.com,DELETE,2024-09-13
iaahxdi@wvboax.com,DELETE,2024-09-13
fjaguruk@bqfg.com,UPDATE,2024-09-13
vrhsmmx@ihwme.com,CREATE,2024-09-13
kxvadxycby@izouff.com,UPDATE,2024-09-13
tgkgmjk@pduvqlc.com,DELETE,2024-09-13
sibcrylxru@dlgwn.com,CREATE,2024-09-13
rxisoyu@pkjvb.com,READ,2024-09-13
kzfvh@dpy.com,UPDATE,2024-09-13
breoby@rpru.com,DELETE,2024-09-13
ufrrhdm@ozpvn.com,UPDATE,2024-09-13
qiylo@gjb.com,READ,2024-09-13
bmstarmhs@kcy.com,CREATE,2024-09-13
towmfavo@oxrsv.com,CREATE,2024-09-13
utepwo@vdvek.com,UPDATE,2024-09-13
pwwcgktofe@psgraeh.com,READ,2024-09-13
ueggpkdj@yjbvd.com,CREATE,2024-09-13
cbjzbaqia@bwdype.com,UPDATE,2024-09-13
iygymrt@jjxcz.com,READ,2024-09-13
jtkth@vwyk.com,UPDATE,2024-09-13
qekhxaltw@rmuv.com,READ,2024-09-13
crsorz@bok.com,UPDATE,2024-09-13
jdnjeouv@agnedxz.com,UPDATE,2024-09-13
muxjvxqmvu@csxy.com,CREATE,2024-09-13
wpyizuyvn@mtgzq.com,UPDATE,2024-09-13
ryhbebd@hig.com,DELETE,2024-09-13
lupetq@avjuwz.com,DELETE,2024-09-13
beuqgxxh@rawjz.com,CREATE,2024-09-13
jfqwnxa@fduzst.com,UPDATE,2024-09-13
dmdtwixusm@uare.com,DELETE,2024-09-13
oizoqsmte@wms.com,DELETE,2024-09-13
virbdmwwhw@llvgko.com,UPDATE,2024-09-13
iqbcz@obqi.com,DELETE,2024-09-13
fjctxm@hrnhiq.com,DELETE,2024-09-13
cyfdsh@rosq.com,DELETE,2024-09-13
jxrlrpd@ocv.com,CREATE,2024-09-13
tpxfzm@xwr.com,UPDATE,2024-09-13
znekysn@cqzoj.com,CREATE,2024-09-13
ehczg@nuy.com,UPDATE,2024-09-13
ovyxcpeiln@qomcxwn.com,DELETE,2024-09-13
yvnwn@rrtdd.com,CREATE,2024-09-13
rawugvtkz@fbtr.com,READ,2024-09-13
nbhaaey@xvpwcu.com,DELETE,2024-09-13
mxizzfh@lpryyb.com,UPDATE,2024-09-13
yiflpnpkcd@xpijkb.com,CREATE,2024-09-13
pzrfk@legc.com,UPDATE,2024-09-13
khdjffqv@terpgxb.com,DELETE,2024-09-13
vqyuxz@adqri.com,UPDATE,2024-09-13
tzpew@wfeddpm.com,DELETE,2024-09-13
ngaimoae@alpa.com,UPDATE,2024-09-13
ksufy@fexmkxf.com,CREATE,2024-09-13
akdlkix@amtj.com,CREATE,2024-09-13
xbxsoc@ewnp.com,DELETE,2024-09-13
cfcba@vhijr.com,UPDATE,2024-09-13
wojrnyb@kxfkrsy.com,DELETE,2024-09-13
arytsbubjw@uue.com,CREATE,2024-09-13
rsidmbg@zgunv.com,READ,2024-09-13
apllhf@kfpuof.com,CREATE,2024-09-13
ghzfptw@ktl.com,READ,2024-09-13
otgpoyq@hwp.com,DELETE,2024-09-13
yjisftvvru@ezk.com,DELETE,2024-09-13
npuyxyvl@mvqz.com,UPDATE,2024-09-13
ophwo@rocx.com,UPDATE,2024-09-13
mziur@jjp.com,DELETE,2024-09-13
upfsnwpjme@teqxvo.com,READ,2024-09-13
irgkemi@poc.com,UPDATE,2024-09-13
ejdxwrfym@gnnw.com,UPDATE,2024-09-13
afqipwtgm@ncubr.com,UPDATE,2024-09-13
bectmygdiz@ndegrf.com,UPDATE,2024-09-13
qqjnlk@saywoq.com,CREATE,2024-09-13
ywkos@grwmkyb.com,DELETE,2024-09-13
spuachsdtg@msgtx.com,DELETE,2024-09-13
zrwbku@cruvgi.com,CREATE,2024-09-13
ktiibb@udcwqpm.com,CREATE,2024-09-13
nmpuqpp@ookxdg.com,DELETE,2024-09-13
arkvajyt@uunmmu.com,READ,2024-09-13
